tot_pop_log,median_inc_log,year,after,ohio,school_district,number_tested,pct_prof_or_above,tot_pop,perc_male,perc_female,perc_under5,perc_5to19,perc_20plus,perc_caucasian,perc_otherethnicity,perc_nobach,perc_bachplus,median_inc,interaction
10.080922187756688,10.476780804620594,2008,0,1,"Adams County/Ohio Valley Local School District, Ohio",315,67.6,23882,0.5,0.5,0.07,0.18,0.75,0.97,0.03,0.9,0.1,35481,0
10.023357298386513,10.396413936414287,2013,1,1,"Adams County/Ohio Valley Local School District, Ohio",283,78.5,22546,0.5,0.5,0.07,0.19,0.74,0.97,0.03,0.9,0.1,32741,1
12.159541677454351,10.436260560784943,2008,0,1,"Akron City School District, Ohio",1801,60.2,190906,0.48,0.52,0.07,0.17,0.76,0.63,0.37,0.82,0.18,34072,0
12.157932270202238,10.32347995992483,2013,1,1,"Akron City School District, Ohio",1700,68.8,190599,0.48,0.52,0.07,0.16,0.77,0.61,0.39,0.81,0.19,30438,1
10.029018274983338,10.421358301028755,2008,0,1,"Alliance City School District, Ohio",199,61.3,22674,0.48,0.52,0.06,0.17,0.77,0.87,0.13,0.88,0.12,33568,0
9.998706819117062,10.357711078278063,2013,1,1,"Alliance City School District, Ohio",206,69.9,21997,0.5,0.5,0.07,0.15,0.78,0.85,0.15,0.86,0.14,31498,1
10.976012506440918,10.487321973155373,2013,1,0,"Ames Community School District, Iowa",312,85.6,58454,0.53,0.47,0.03,0.09,0.87,0.84,0.16,0.39,0.61,35857,0
10.890441759661355,10.567128679463297,2008,0,0,"Ames Community School District, Iowa",250,84.8,53660,0.53,0.47,0.05,0.09,0.86,0.86,0.14,0.41,0.59,38836,0
10.127310872755094,11.084708484815879,2008,0,1,"Amherst Exempted Village School District, Ohio",288,91.3,25016,0.49,0.51,0.05,0.19,0.76,0.94,0.06,0.78,0.22,65166,0
10.075169374225737,10.925236795266423,2013,1,1,"Amherst Exempted Village School District, Ohio",281,91.8,23745,0.48,0.52,0.04,0.17,0.78,0.92,0.08,0.76,0.24,55560,1
10.891652334646002,11.143584935780687,2013,1,0,"Ankeny Community School District, Iowa",730,84.5,53725,0.51,0.49,0.08,0.19,0.73,0.95,0.05,0.53,0.47,69118,0
10.72084153655026,11.179632170155031,2008,0,0,"Ankeny Community School District, Iowa",582,80.9,45289,0.48,0.52,0.1,0.2,0.7,0.96,0.04,0.52,0.48,71655,0
10.217056645939756,11.302019231320497,2008,0,1,"Anthony Wayne Local School District, Ohio",342,91.2,27365,0.5,0.5,0.07,0.21,0.71,0.96,0.04,0.65,0.35,80984,0
10.2598674529538,11.131533265280341,2013,1,1,"Anthony Wayne Local School District, Ohio",324,97.2,28562,0.47,0.53,0.06,0.2,0.74,0.93,0.07,0.64,0.36,68290,1
10.233007103729488,10.644900950505562,2008,0,1,"Ashland City School District, Ohio",247,81.8,27805,0.48,0.52,0.06,0.12,0.81,0.96,0.04,0.78,0.22,41977,0
10.154401900795694,10.601000190605713,2013,1,1,"Ashland City School District, Ohio",209,90.4,25703,0.47,0.53,0.06,0.14,0.79,0.95,0.05,0.73,0.27,40174,1
10.319628800641526,10.52862352247953,2008,0,1,"Ashtabula Area City School District, Ohio",325,72.6,30321,0.47,0.53,0.08,0.19,0.73,0.9,0.1,0.87,0.13,37369,0
10.243062114822008,10.312878278646764,2013,1,1,"Ashtabula Area City School District, Ohio",283,73.1,28086,0.47,0.53,0.07,0.17,0.76,0.87,0.13,0.88,0.12,30117,1
10.440828516957847,10.380652974809484,2008,0,1,"Athens City School District, Ohio",214,70.6,34228,0.48,0.52,0.04,0.08,0.88,0.91,0.09,0.57,0.43,32229,0
10.452937557838887,10.146943405162217,2013,1,1,"Athens City School District, Ohio",209,80.9,34645,0.5,0.5,0.03,0.07,0.89,0.88,0.12,0.56,0.44,25512,1
10.559062660188317,10.769410877046496,2008,0,1,"Austintown Local School District, Ohio",282,77.7,38524,0.48,0.52,0.07,0.16,0.78,0.76,0.24,0.8,0.2,47543,0
10.476949890150093,10.623690405119499,2013,1,1,"Austintown Local School District, Ohio",376,87.8,35487,0.48,0.52,0.05,0.15,0.8,0.75,0.25,0.79,0.21,41096,1
9.989435864672492,11.3334997112883,2008,0,1,"Avon Lake City School District, Ohio",262,89.3,21794,0.5,0.5,0.07,0.2,0.73,0.91,0.09,0.5,0.5,83574,0
10.038149555779524,11.220887251632075,2013,1,1,"Avon Lake City School District, Ohio",292,96.6,22882,0.51,0.49,0.06,0.19,0.75,0.9,0.1,0.49,0.51,74673,1
10.175306975774374,10.448859520054702,2008,0,1,"Barberton City School District, Ohio",263,71.5,26246,0.46,0.54,0.07,0.16,0.77,0.92,0.08,0.87,0.13,34504,0
10.162152675917417,10.40701662106948,2013,1,1,"Barberton City School District, Ohio",267,78.7,25903,0.46,0.54,0.06,0.17,0.78,0.92,0.08,0.9,0.1,33090,1
10.832240309801332,11.255785529897711,2008,0,1,"Beavercreek City School District, Ohio",554,87.0,50626,0.5,0.5,0.05,0.17,0.78,0.92,0.08,0.56,0.44,77325,0
10.911153459501413,11.23925148610629,2013,1,1,"Beavercreek City School District, Ohio",531,95.5,54783,0.5,0.5,0.05,0.17,0.77,0.89,0.11,0.51,0.49,76057,1
10.297048756141468,10.675261053551264,2008,0,1,"Bedford City School District, Ohio",220,65.0,29644,0.47,0.53,0.06,0.13,0.8,0.35,0.65,0.83,0.17,43271,0
10.306716829702717,10.531616096721624,2013,1,1,"Bedford City School District, Ohio",229,73.4,29932,0.48,0.52,0.06,0.14,0.8,0.35,0.65,0.79,0.21,37481,1
10.911244722860152,10.880233480110219,2008,0,1,"Berea City School District, Ohio",379,73.1,54788,0.47,0.53,0.05,0.15,0.8,0.91,0.09,0.8,0.2,53115,0
10.879649681447674,10.815147579225588,2013,1,1,"Berea City School District, Ohio",474,92.4,53084,0.49,0.51,0.04,0.13,0.82,0.9,0.1,0.75,0.25,49768,1
10.021403912637746,11.065340645671654,2013,1,0,"Bettendorf Community School District, Iowa",281,85.1,22502,0.5,0.5,0.05,0.18,0.77,0.94,0.06,0.59,0.41,63916,0
10.036793919844353,11.07964713021658,2008,0,0,"Bettendorf Community School District, Iowa",291,85.9,22851,0.51,0.49,0.07,0.21,0.72,0.92,0.08,0.58,0.42,64837,0
10.52048236489583,10.718077729583944,2008,0,1,"Boardman Local School District, Ohio",215,84.7,37066,0.47,0.53,0.05,0.15,0.8,0.9,0.1,0.69,0.31,45164,0
10.513905085497077,10.680539205318292,2013,1,1,"Boardman Local School District, Ohio",250,88.8,36823,0.48,0.52,0.05,0.15,0.8,0.9,0.1,0.72,0.28,43500,1
10.494740425414733,10.590692110640395,2008,0,1,"Bowling Green City School District, Ohio",199,81.9,36124,0.48,0.52,0.03,0.08,0.88,0.91,0.09,0.53,0.47,39762,0
10.532069544936274,10.489300047824898,2013,1,1,"Bowling Green City School District, Ohio",243,86.8,37498,0.47,0.53,0.05,0.1,0.84,0.89,0.11,0.61,0.39,35928,1
10.282779786340269,11.343429309970023,2008,0,1,"Brecksville-Broadview Heights City School District, Ohio",326,91.7,29224,0.51,0.49,0.06,0.19,0.75,0.9,0.1,0.52,0.48,84408,0
10.226223013045296,11.179087754934253,2013,1,1,"Brecksville-Broadview Heights City School District, Ohio",285,96.5,27617,0.49,0.51,0.04,0.19,0.77,0.92,0.08,0.53,0.47,71616,1
10.721812581824302,11.082773119257247,2008,0,1,"Brunswick City School District, Ohio",566,83.9,45333,0.49,0.51,0.07,0.18,0.75,0.96,0.04,0.75,0.25,65040,0
10.743177978201487,11.009472595533651,2013,1,1,"Brunswick City School District, Ohio",571,92.5,46312,0.49,0.51,0.04,0.18,0.78,0.96,0.04,0.77,0.23,60443,1
10.314802185433184,10.519105530586836,2013,1,0,"Burlington Community School District, Iowa",278,73.0,30175,0.48,0.52,0.06,0.17,0.77,0.9,0.1,0.79,0.21,37015,0
10.262804004618312,10.605594474467546,2008,0,0,"Burlington Community School District, Iowa",264,73.1,28646,0.49,0.51,0.07,0.16,0.77,0.9,0.1,0.83,0.17,40359,0
11.062708776623133,10.225933304924201,2008,0,1,"Canton City School District, Ohio",764,62.6,63748,0.47,0.53,0.06,0.19,0.75,0.71,0.29,0.9,0.1,27609,0
11.022180207705091,10.160375309814498,2013,1,1,"Canton City School District, Ohio",703,66.4,61216,0.45,0.55,0.08,0.18,0.75,0.68,0.32,0.89,0.11,25857,1
10.629416491370417,10.801492106722966,2013,1,0,"Cedar Falls Community School District, Iowa",383,82.5,41332,0.48,0.52,0.06,0.13,0.82,0.94,0.06,0.55,0.45,49093,0
10.587417383546464,10.832181051127325,2008,0,0,"Cedar Falls Community School District, Iowa",313,82.1,39632,0.49,0.51,0.05,0.12,0.82,0.94,0.06,0.55,0.45,50623,0
11.712104138830606,10.79939188675334,2013,1,0,"Cedar Rapids Community School District, Iowa",1059,72.2,122039,0.49,0.51,0.07,0.16,0.77,0.88,0.12,0.7,0.3,48990,0
11.708623818805822,10.808575769902289,2008,0,0,"Cedar Rapids Community School District, Iowa",1152,69.0,121615,0.5,0.5,0.06,0.17,0.76,0.9,0.1,0.73,0.27,49442,0
10.96552229846299,11.231967402278203,2008,0,1,"Centerville City School District, Ohio",607,89.5,57844,0.47,0.53,0.05,0.17,0.78,0.9,0.1,0.53,0.47,75505,0
10.944912015167048,10.997522715461125,2013,1,1,"Centerville City School District, Ohio",597,93.1,56664,0.47,0.53,0.05,0.16,0.79,0.87,0.13,0.51,0.49,59725,1
9.977109692406742,11.117361181539327,2008,0,1,"Chardon Local School District, Ohio",231,92.2,21527,0.51,0.49,0.06,0.16,0.78,0.93,0.7,0.67,0.33,67329,0
9.930616219924381,10.978677671259746,2013,1,1,"Chardon Local School District, Ohio",220,95.5,20549,0.47,0.53,0.04,0.18,0.78,0.93,0.7,0.7,0.3,58610,1
9.996932357245992,10.542442504012646,2008,0,1,"Chillicothe City School District, Ohio",232,78.9,21958,0.46,0.54,0.07,0.15,0.79,0.9,0.1,0.86,0.14,37889,0
10.033550436834297,10.412381311452293,2013,1,1,"Chillicothe City School District, Ohio",170,85.9,22777,0.51,0.49,0.04,0.15,0.8,0.9,0.1,0.85,0.15,33268,1
12.71912678431098,10.461702359555922,2008,0,1,"Cincinnati City School District, Ohio",2412,58.0,334076,0.47,0.53,0.07,0.15,0.78,0.53,0.47,0.71,0.29,34950,0
12.709205757649828,10.363346144474624,2013,1,1,"Cincinnati City School District, Ohio",2320,72.0,330778,0.48,0.52,0.07,0.15,0.78,0.53,0.47,0.68,0.32,31676,1
10.94091568787924,10.880967452722706,2008,0,1,"Cleveland Heights-University Heights City School District, Ohio",342,65.5,56438,0.47,0.53,0.08,0.16,0.76,0.6,0.4,0.46,0.54,53154,0
10.95546235835288,10.79170797381519,2013,1,1,"Cleveland Heights-University Heights City School District, Ohio",376,66.8,57265,0.45,0.55,0.07,0.16,0.77,0.57,0.43,0.46,0.54,48615,1
12.899072315210924,10.251747186873514,2008,0,1,"Cleveland Municipal School District, Ohio",3515,46.5,399940,0.48,0.52,0.07,0.19,0.74,0.41,0.59,0.88,0.12,28331,0
12.883826961482638,10.09220527683532,2013,1,1,"Cleveland Municipal School District, Ohio",2621,55.0,393889,0.48,0.52,0.07,0.16,0.77,0.41,0.59,0.85,0.15,24153,1
10.171833888681167,10.583321504033949,2013,1,0,"Clinton Community School District, Iowa",230,87.8,26155,0.49,0.51,0.07,0.16,0.77,0.9,0.1,0.81,0.19,39470,0
10.176411254012363,10.57380101668713,2008,0,0,"Clinton Community School District, Iowa",271,73.4,26275,0.48,0.52,0.07,0.17,0.77,0.93,0.07,0.85,0.15,39096,0
10.061431030602083,10.95112228643937,2013,1,0,"College Community School District, Iowa",349,76.8,23421,0.48,0.52,0.07,0.18,0.75,0.93,0.07,0.69,0.31,57017,0
9.960859832393998,10.912065718500257,2008,0,0,"College Community School District, Iowa",305,84.6,21180,0.48,0.52,0.08,0.18,0.73,0.93,0.07,0.73,0.27,54833,0
13.02291424393643,10.515343329459467,2008,0,1,"Columbus City School District, Ohio",4193,52.7,452667,0.49,0.51,0.07,0.14,0.79,0.6,0.4,0.72,0.28,36876,0
13.129549495298988,10.441091417334723,2013,1,1,"Columbus City School District, Ohio",3989,58.4,503605,0.49,0.51,0.07,0.13,0.8,0.56,0.44,0.71,0.29,34237,1
9.955130785687967,11.054534151052659,2008,0,1,"Copley-Fairlawn City School District, Ohio",252,89.3,21059,0.49,0.51,0.05,0.19,0.76,0.74,0.26,0.51,0.49,63229,0
9.915910072534686,11.040631214253112,2013,1,1,"Copley-Fairlawn City School District, Ohio",188,91.0,20249,0.48,0.52,0.05,0.15,0.8,0.73,0.27,0.55,0.45,62356,1
11.008578807301946,10.621985665531742,2013,1,0,"Council Bluffs Community School District, Iowa",569,70.8,60389,0.49,0.51,0.07,0.16,0.77,0.94,0.06,0.84,0.16,41026,0
10.983901925669148,10.709740179201345,2008,0,0,"Council Bluffs Community School District, Iowa",569,64.9,58917,0.5,0.5,0.07,0.17,0.75,0.94,0.06,0.86,0.14,44789,0
10.627576074335622,10.786345588321883,2008,0,1,"Cuyahoga Falls City School District, Ohio",372,79.8,41256,0.47,0.53,0.05,0.14,0.81,0.97,0.03,0.72,0.28,48355,0
10.627382149044733,10.706430398918958,2013,1,1,"Cuyahoga Falls City School District, Ohio",382,88.2,41248,0.49,0.51,0.06,0.15,0.8,0.94,0.06,0.7,0.3,44641,1
11.605522877637695,10.677269573116952,2013,1,0,"Davenport Community School District, Iowa",1078,70.0,109701,0.49,0.51,0.07,0.17,0.76,0.82,0.18,0.75,0.25,43358,0
11.56021927206037,10.678813619053717,2008,0,0,"Davenport Community School District, Iowa",1063,66.3,104842,0.49,0.51,0.07,0.17,0.76,0.84,0.16,0.77,0.23,43425,0
11.96976153111671,10.330290057291649,2008,0,1,"Dayton City School District, Ohio",1087,45.5,157906,0.48,0.52,0.07,0.17,0.76,0.51,0.49,0.85,0.15,30646,0
11.92785233575668,10.14858827120238,2013,1,1,"Dayton City School District, Ohio",1005,52.6,151425,0.49,0.51,0.06,0.14,0.79,0.52,0.48,0.84,0.16,25554,1
10.4690002054518,10.848560085835736,2008,0,1,"Delaware City School District, Ohio",377,77.5,35206,0.48,0.52,0.08,0.17,0.76,0.88,0.12,0.7,0.3,51459,0
10.5172667977125,10.795874860328723,2013,1,1,"Delaware City School District, Ohio",429,85.6,36947,0.48,0.52,0.06,0.17,0.77,0.93,0.07,0.69,0.31,48818,1
12.227516082823826,10.629126124296002,2013,1,0,"Des Moines Independent Community School District, Iowa",2290,62.1,204334,0.49,0.51,0.08,0.17,0.75,0.78,0.22,0.75,0.25,41320,0
12.196194012106684,10.692240323807754,2008,0,0,"Des Moines Independent Community School District, Iowa",2050,60.5,198033,0.49,0.51,0.08,0.17,0.75,0.79,0.21,0.77,0.23,44012,0
11.242048066387397,11.276392676537002,2008,0,1,"Dublin City School District, Ohio",1029,86.6,76270,0.5,0.5,0.08,0.21,0.72,0.81,0.19,0.39,0.61,78935,0
11.297762484021957,11.24880365692746,2013,1,1,"Dublin City School District, Ohio",1080,90.7,80640,0.49,0.51,0.06,0.2,0.74,0.79,0.21,0.37,0.63,76787,1
11.244784547725283,10.752355608092849,2013,1,0,"Dubuque Community School District, Iowa",691,73.2,76479,0.49,0.51,0.06,0.16,0.78,0.93,0.07,0.7,0.3,46739,0
11.212792872127883,10.764286715905591,2008,0,0,"Dubuque Community School District, Iowa",712,72.3,74071,0.49,0.51,0.07,0.17,0.76,0.96,0.04,0.73,0.27,47300,0
10.031352923534024,10.140415658820954,2008,0,1,"East Cleveland City School District, Ohio",226,56.6,22727,0.43,0.57,0.08,0.19,0.73,0.06,0.94,0.88,0.12,25346,0
9.940783337279825,9.853456618930563,2013,1,1,"East Cleveland City School District, Ohio",179,46.9,20759,0.46,0.54,0.08,0.17,0.74,0.06,0.94,0.88,0.12,19023,1
10.874891274463195,10.617098906228428,2008,0,1,"Elyria City School District, Ohio",487,57.7,52832,0.47,0.53,0.05,0.19,0.76,0.82,0.18,0.87,0.13,40826,0
10.864656043188369,10.552134105695009,2013,1,1,"Elyria City School District, Ohio",398,68.1,52294,0.47,0.53,0.07,0.15,0.78,0.78,0.22,0.85,0.15,38258,1
10.802448995888462,10.54157118232102,2008,0,1,"Euclid City School District, Ohio",342,53.5,49140,0.45,0.55,0.05,0.19,0.76,0.49,0.51,0.81,0.19,37856,0
10.7856422224806,10.376486690761663,2013,1,1,"Euclid City School District, Ohio",358,58.1,48321,0.46,0.54,0.06,0.17,0.78,0.39,0.61,0.81,0.19,32095,1
10.656176415804389,10.696140643952106,2008,0,1,"Fairborn City School District, Ohio",315,66.7,42453,0.49,0.51,0.05,0.14,0.81,0.86,0.14,0.74,0.26,44184,0
10.6633817512079,10.580530757347516,2013,1,1,"Fairborn City School District, Ohio",353,78.8,42760,0.5,0.5,0.05,0.12,0.82,0.83,0.17,0.75,0.25,39360,1
11.080356339170006,11.019219133011626,2008,0,1,"Fairfield City School District, Ohio",698,80.7,64883,0.49,0.51,0.06,0.18,0.76,0.86,0.14,0.76,0.24,61035,0
11.084017712735514,10.921883507347436,2013,1,1,"Fairfield City School District, Ohio",718,87.1,65121,0.49,0.51,0.05,0.19,0.76,0.85,0.15,0.72,0.28,55374,1
10.63510997614786,10.649203463768854,2008,0,1,"Findlay City School District, Ohio",457,77.9,41568,0.47,0.53,0.06,0.16,0.78,0.91,0.09,0.76,0.24,42158,0
10.657964988247679,10.573698701813015,2013,1,1,"Findlay City School District, Ohio",431,85.6,42529,0.48,0.52,0.06,0.16,0.77,0.92,0.08,0.73,0.27,39092,1
10.833049826603522,11.307327092871768,2008,0,1,"Forest Hills Local School District, Ohio",533,90.8,50667,0.49,0.51,0.07,0.21,0.72,0.95,0.05,0.51,0.49,81415,0
10.739998875403943,11.268979536776724,2013,1,1,"Forest Hills Local School District, Ohio",590,93.1,46165,0.47,0.53,0.06,0.2,0.74,0.95,0.05,0.48,0.52,78352,1
10.262489786233951,10.49573646899098,2013,1,0,"Fort Dodge Community School District, Iowa",245,72.2,28637,0.51,0.49,0.05,0.15,0.8,0.9,0.1,0.8,0.2,36160,0
10.297520899681873,10.596384701840863,2008,0,0,"Fort Dodge Community School District, Iowa",248,65.3,29658,0.51,0.49,0.06,0.17,0.76,0.9,0.1,0.82,0.18,39989,0
9.936438652675815,10.737439609687094,2008,0,1,"Franklin City School District, Ohio",205,80.0,20669,0.49,0.51,0.1,0.16,0.74,0.94,0.06,0.92,0.08,46047,0
9.928277721343347,10.755730309601852,2013,1,1,"Franklin City School District, Ohio",203,80.3,20501,0.5,0.5,0.06,0.16,0.77,0.94,0.06,0.87,0.13,46897,1
10.319562839756308,10.694623141424277,2008,0,1,"Fremont City School District, Ohio",299,69.2,30319,0.49,0.51,0.08,0.16,0.75,0.89,0.11,0.87,0.13,44117,0
10.291026272110837,10.594532525004203,2013,1,1,"Fremont City School District, Ohio",307,79.8,29466,0.49,0.51,0.06,0.16,0.78,0.87,0.13,0.86,0.14,39915,1
10.708399696426893,11.251521739037859,2008,0,1,"Gahanna-Jefferson City School District, Ohio",484,80.0,44729,0.49,0.51,0.08,0.18,0.74,0.81,0.19,0.54,0.46,76996,0
10.723509645430674,11.212927866795798,2013,1,1,"Gahanna-Jefferson City School District, Ohio",505,90.5,45410,0.5,0.5,0.06,0.2,0.74,0.81,0.19,0.51,0.49,74081,1
10.178806009504447,10.672831593431527,2008,0,1,"Garfield Heights City School District, Ohio",304,69.4,26338,0.46,0.54,0.06,0.2,0.74,0.75,0.25,0.87,0.13,43166,0
10.169192384934412,10.520023630724232,2013,1,1,"Garfield Heights City School District, Ohio",215,75.4,26086,0.45,0.55,0.06,0.17,0.77,0.62,0.38,0.84,0.16,37049,1
10.162191279248889,11.059346214138635,2008,0,1,"Green Local School District (Summit County), Ohio",302,89.7,25904,0.5,0.5,0.08,0.18,0.74,0.92,0.08,0.66,0.34,63534,0
10.160568654878034,10.917376753174178,2013,1,1,"Green Local School District (Summit County), Ohio",320,91.6,25862,0.5,0.5,0.04,0.18,0.79,0.93,0.07,0.67,0.33,55125,1
9.98686316145718,10.63643220297014,2008,0,1,"Greenville City School District, Ohio",192,78.7,21738,0.47,0.53,0.06,0.16,0.78,0.93,0.07,0.88,0.12,41623,0
9.995154741061953,10.437844138828483,2013,1,1,"Greenville City School District, Ohio",204,81.9,21919,0.47,0.53,0.06,0.15,0.79,0.93,0.07,0.88,0.12,34126,1
10.748990946688572,10.883579033460945,2008,0,1,"Groveport Madison Local School District, Ohio",439,66.3,46582,0.47,0.53,0.1,0.2,0.7,0.66,0.34,0.82,0.18,53293,0
10.717479742788276,10.787420368302158,2013,1,1,"Groveport Madison Local School District, Ohio",411,78.1,45137,0.48,0.52,0.08,0.17,0.75,0.6,0.4,0.85,0.15,48407,1
10.981829104361879,10.581292642796804,2008,0,1,"Hamilton City School District, Ohio",641,71.3,58795,0.49,0.51,0.08,0.16,0.76,0.9,0.1,0.87,0.13,39390,0
11.038688889434853,10.54157118232102,2013,1,1,"Hamilton City School District, Ohio",750,74.1,62235,0.47,0.53,0.08,0.16,0.76,0.86,0.14,0.85,0.15,37856,1
11.367043835448948,11.238199103678664,2008,0,1,"Hilliard City School District, Ohio",1111,79.7,86425,0.5,0.5,0.09,0.23,0.69,0.87,0.13,0.53,0.47,75977,0
11.357966124932085,11.19741988378385,2013,1,1,"Hilliard City School District, Ohio",1178,82.8,85644,0.48,0.52,0.08,0.21,0.71,0.85,0.15,0.5,0.5,72941,1
10.012700637509445,10.75845591922755,2008,0,1,"Howland Local School District, Ohio",211,89.1,22307,0.46,0.54,0.05,0.15,0.8,0.93,0.07,0.75,0.25,47025,0
9.980587472916977,10.724588097406535,2013,1,1,"Howland Local School District, Ohio",218,92.7,21602,0.46,0.54,0.05,0.12,0.83,0.93,0.07,0.73,0.27,45459,1
10.566330152831219,10.972241827536752,2008,0,1,"Huber Heights City School District, Ohio",437,79.9,38805,0.48,0.52,0.07,0.19,0.74,0.83,0.17,0.79,0.21,58234,0
10.650815105859214,10.762530454808159,2013,1,1,"Huber Heights City School District, Ohio",417,79.9,42226,0.49,0.51,0.08,0.2,0.73,0.76,0.24,0.76,0.24,47217,1
10.102174463416347,11.604328019943535,2008,0,1,"Hudson City School District, Ohio",355,94.4,24395,0.49,0.51,0.06,0.26,0.68,0.92,0.08,0.33,0.67,109570,0
10.069722070677152,11.593232753023905,2013,1,1,"Hudson City School District, Ohio",281,92.9,23616,0.5,0.5,0.04,0.24,0.72,0.94,0.06,0.31,0.69,108361,1
11.60505787373149,10.750363895525926,2013,1,0,"Iowa City Community School District, Iowa",919,77.0,109650,0.5,0.5,0.06,0.13,0.81,0.83,0.17,0.43,0.57,46646,0
11.527754962416227,10.828777668207083,2008,0,0,"Iowa City Community School District, Iowa",769,73.5,101493,0.49,0.51,0.06,0.13,0.81,0.87,0.13,0.43,0.57,50451,0
10.55911457318215,11.092564969345363,2008,0,1,"Jackson Local School District, Ohio",75,73.3,38526,0.48,0.52,0.06,0.19,0.75,0.92,0.08,0.61,0.39,65680,0
10.542785543610696,11.127336510866854,2013,1,1,"Jackson Local School District, Ohio",455,94.5,37902,0.51,0.49,0.05,0.16,0.79,0.92,0.08,0.59,0.41,68004,1
10.450452222917992,11.363705940321378,2013,1,0,"Johnston Community School District, Iowa",455,93.0,34559,0.48,0.52,0.06,0.22,0.73,0.9,0.1,0.47,0.53,86137,0
10.304944639246754,11.364030947288674,2008,0,0,"Johnston Community School District, Iowa",410,87.6,29879,0.48,0.52,0.09,0.2,0.7,0.91,0.09,0.55,0.45,86165,0
10.38310110816935,10.381490352934616,2008,0,1,"Kent City School District, Ohio",188,70.2,32308,0.45,0.55,0.04,0.09,0.86,0.87,0.13,0.58,0.42,32256,0
10.52384896337042,10.499655661466162,2013,1,1,"Kent City School District, Ohio",220,86.4,37191,0.48,0.52,0.04,0.1,0.87,0.84,0.16,0.56,0.44,36302,1
10.92132353117695,10.788514629733339,2008,0,1,"Kettering City School District, Ohio",547,83.2,55343,0.49,0.51,0.06,0.15,0.78,0.95,0.05,0.69,0.31,48460,0
10.938307708116458,10.710476679519195,2013,1,1,"Kettering City School District, Ohio",557,87.3,56291,0.48,0.52,0.05,0.16,0.78,0.91,0.09,0.71,0.29,44822,1
10.109077944602749,11.041881294549245,2008,0,1,"Kings Local School District, Ohio",286,87.8,24564,0.47,0.53,0.07,0.17,0.76,0.96,0.04,0.63,0.37,62434,0
10.118477957093951,11.204782148381804,2013,1,1,"Kings Local School District, Ohio",320,95.6,24796,0.49,0.51,0.04,0.18,0.77,0.96,0.04,0.55,0.45,73480,1
10.90063911886528,10.70737077469074,2008,0,1,"Lakewood City School District, Ohio",283,67.5,54210,0.48,0.52,0.06,0.15,0.78,0.91,0.09,0.62,0.38,44683,0
10.846868021600375,10.603287553926174,2013,1,1,"Lakewood City School District, Ohio",311,80.4,51372,0.48,0.52,0.06,0.14,0.81,0.87,0.13,0.59,0.41,40266,1
11.382041992081316,11.371108412301787,2008,0,1,"Lakota Local School District (Butler County), Ohio",1397,84.9,87731,0.5,0.5,0.09,0.22,0.69,0.87,0.13,0.54,0.46,86777,0
11.459271491634595,11.288756387984279,2013,1,1,"Lakota Local School District (Butler County), Ohio",1280,89.8,94775,0.49,0.51,0.07,0.23,0.71,0.83,0.17,0.54,0.46,79917,1
10.72092985236768,10.718166289816029,2008,0,1,"Lancaster City School District, Ohio",375,74.7,45293,0.49,0.51,0.06,0.15,0.79,0.95,0.05,0.85,0.15,45168,0
10.75832832209406,10.496731521451535,2013,1,1,"Lancaster City School District, Ohio",397,78.8,47019,0.49,0.51,0.06,0.16,0.78,0.95,0.05,0.83,0.17,36196,1
10.51080447649088,11.105648716832796,2008,0,1,"Lebanon City School District, Ohio",386,83.2,36709,0.55,0.45,0.06,0.18,0.77,0.9,0.1,0.74,0.26,66545,0
10.5395351410555,10.978216900740906,2013,1,1,"Lebanon City School District, Ohio",432,89.6,37779,0.56,0.44,0.06,0.17,0.78,0.89,0.11,0.7,0.3,58583,1
10.299911915992144,10.337151315002972,2008,0,1,"Lima City School District, Ohio",321,64.5,29729,0.47,0.53,0.08,0.2,0.72,0.68,0.32,0.91,0.09,30857,0
10.319067994385385,10.197685848215706,2013,1,1,"Lima City School District, Ohio",279,63.4,30304,0.49,0.51,0.08,0.18,0.73,0.69,0.31,0.9,0.1,26840,1
10.545551942866757,11.118029308211298,2013,1,0,"Linn-Mar Community School District, Iowa",482,87.3,38007,0.5,0.5,0.06,0.22,0.7,0.69,0.31,0.56,0.44,67374,0
10.41873339273561,11.105483403977843,2008,0,0,"Linn-Mar Community School District, Iowa",398,86.2,33480,0.48,0.52,0.08,0.21,0.71,0.92,0.08,0.6,0.4,66534,0
10.176335136029452,11.272864619779007,2008,0,1,"Little Miami Local School District, Ohio",312,88.8,26273,0.5,0.5,0.09,0.15,0.75,0.89,0.11,0.65,0.35,78657,0
10.288511829739507,11.09816730995047,2013,1,1,"Little Miami Local School District, Ohio",299,91.0,29392,0.48,0.52,0.08,0.18,0.74,0.89,0.11,0.6,0.4,66049,1
10.090713728663538,10.663101082278448,2008,0,1,"Logan-Hocking Local School District, Ohio",227,85.5,24117,0.48,0.52,0.06,0.17,0.77,0.94,0.06,0.9,0.1,42748,0
10.092743345182981,10.569879995787254,2013,1,1,"Logan-Hocking Local School District, Ohio",86,65.1,24166,0.49,0.51,0.05,0.18,0.77,0.95,0.05,0.85,0.15,38943,1
10.945300186531934,10.492329216286759,2008,0,1,"Lorain City School District, Ohio",620,53.6,56686,0.47,0.53,0.07,0.19,0.74,0.63,0.37,0.91,0.09,36037,0
10.884404301719952,10.284215880411878,2013,1,1,"Lorain City School District, Ohio",495,63.4,53337,0.47,0.53,0.06,0.2,0.73,0.71,0.29,0.9,0.1,29266,1
10.254355669441074,11.424640550102657,2008,0,1,"Loveland City School District, Ohio",387,85.5,28405,0.49,0.51,0.08,0.24,0.68,0.9,0.1,0.48,0.52,91549,0
10.154907530801994,11.318102085033306,2013,1,1,"Loveland City School District, Ohio",358,92.5,25716,0.49,0.51,0.05,0.22,0.73,0.9,0.1,0.5,0.5,82297,1
10.003423381148728,10.591873415994362,2008,0,1,"Mad River Local School District, Ohio",284,64.8,22101,0.48,0.52,0.05,0.19,0.76,0.85,0.15,0.87,0.13,39809,0
9.96439448743965,10.480016643626312,2013,1,1,"Mad River Local School District, Ohio",280,77.1,21255,0.51,0.49,0.07,0.18,0.75,0.85,0.15,0.84,0.16,35596,1
10.240887929730164,10.636336099947625,2008,0,1,"Madison Local School District (Richland County), Ohio",237,69.2,28025,0.56,0.44,0.06,0.13,0.82,0.84,0.16,0.91,0.09,41619,0
10.20181278508639,10.511158540743622,2013,1,1,"Madison Local School District (Richland County), Ohio",191,81.7,26951,0.57,0.43,0.05,0.14,0.81,0.79,0.21,0.89,0.11,36722,1
10.440828516957847,10.371614421769003,2008,0,1,"Mansfield City School District, Ohio",299,56.2,34228,0.48,0.52,0.06,0.16,0.78,0.73,0.27,0.87,0.13,31939,0
10.449438978277493,10.284694120497512,2013,1,1,"Mansfield City School District, Ohio",246,78.5,34524,0.49,0.51,0.07,0.17,0.77,0.79,0.21,0.88,0.12,29280,1
10.090921021216259,10.685400819681965,2008,0,1,"Maple Heights City School District, Ohio",254,60.6,24122,0.45,0.55,0.07,0.2,0.74,0.32,0.68,0.84,0.16,43712,0
10.037362636092155,10.415082880004208,2013,1,1,"Maple Heights City School District, Ohio",299,66.2,22864,0.44,0.56,0.04,0.18,0.78,0.32,0.68,0.86,0.14,33358,1
10.097778851943309,10.564498863066003,2008,0,1,"Marietta City School District, Ohio",216,81.0,24288,0.48,0.52,0.06,0.14,0.8,0.96,0.04,0.79,0.21,38734,0
10.10385365616035,10.416879879499433,2013,1,1,"Marietta City School District, Ohio",231,82.7,24436,0.49,0.51,0.05,0.15,0.81,0.94,0.06,0.79,0.21,33418,1
10.302632731899473,10.42895545303899,2008,0,1,"Marion City School District, Ohio",355,65.9,29810,0.49,0.51,0.07,0.18,0.74,0.93,0.07,0.93,0.07,33824,0
10.300853282387642,10.283634852660002,2013,1,1,"Marion City School District, Ohio",313,66.1,29757,0.51,0.49,0.08,0.17,0.75,0.93,0.07,0.9,0.1,29249,1
10.3321807867635,10.771197098403393,2013,1,0,"Marshalltown Community School District, Iowa",314,70.4,30704,0.49,0.51,0.07,0.19,0.74,0.81,0.19,0.79,0.21,47628,0
10.308152340473523,10.66716309178561,2008,0,0,"Marshalltown Community School District, Iowa",299,60.2,29975,0.5,0.5,0.08,0.17,0.75,0.89,0.11,0.81,0.19,42922,0
10.239245248219472,11.131298946341905,2008,0,1,"Marysville Exempted Village School District, Ohio",431,76.3,27979,0.45,0.55,0.08,0.18,0.74,0.92,0.08,0.74,0.26,68274,0
10.369137970290991,10.9260643715946,2013,1,1,"Marysville Exempted Village School District, Ohio",385,81.3,31860,0.46,0.54,0.06,0.19,0.75,0.93,0.07,0.77,0.23,55606,1
10.257834789465683,10.56035967723136,2013,1,0,"Mason City Community School District, Iowa",273,72.5,28504,0.49,0.51,0.05,0.16,0.79,0.94,0.06,0.8,0.2,38574,0
10.274154155101597,10.671394278644025,2008,0,0,"Mason City Community School District, Iowa",269,75.5,28973,0.48,0.52,0.06,0.16,0.78,0.95,0.05,0.79,0.21,43104,0
10.751606504306949,11.454554551643898,2008,0,1,"Mason City School District, Ohio",843,93.6,46704,0.49,0.51,0.07,0.25,0.68,0.83,0.17,0.47,0.53,94329,0
10.848657243960659,11.324122952076584,2013,1,1,"Mason City School District, Ohio",830,96.1,51464,0.49,0.51,0.06,0.26,0.68,0.78,0.22,0.44,0.56,82794,1
10.314006534946971,10.56800375029692,2008,0,1,"Massillon City School District, Ohio",288,69.4,30151,0.5,0.5,0.07,0.14,0.78,0.72,0.28,0.88,0.12,38870,0
10.293940540523788,10.433056419119254,2013,1,1,"Massillon City School District, Ohio",296,78.7,29552,0.49,0.51,0.07,0.17,0.76,0.71,0.29,0.86,0.14,33963,1
10.405988623155887,10.90468912348068,2008,0,1,"Mayfield City School District, Ohio",185,73.0,33056,0.47,0.53,0.05,0.15,0.79,0.86,0.14,0.58,0.42,54430,0
10.40089353434265,10.885303818290481,2013,1,1,"Mayfield City School District, Ohio",227,87.7,32888,0.48,0.52,0.06,0.14,0.79,0.85,0.15,0.54,0.46,53385,1
10.67717731581126,11.163708356400651,2008,0,1,"Medina City School District, Ohio",584,89.0,43354,0.49,0.51,0.08,0.19,0.73,0.95,0.05,0.63,0.37,70523,0
10.713061293600333,11.014127221416956,2013,1,1,"Medina City School District, Ohio",546,89.7,44938,0.48,0.52,0.07,0.2,0.73,0.94,0.06,0.62,0.38,60725,1
11.0570298480627,11.05881093278828,2008,0,1,"Mentor Exempted Village School District, Ohio",582,90.2,63387,0.48,0.52,0.06,0.17,0.77,0.96,0.04,0.71,0.29,63500,0
11.02553963682673,10.999830601760195,2013,1,1,"Mentor Exempted Village School District, Ohio",593,88.7,61422,0.48,0.52,0.05,0.15,0.8,0.97,0.03,0.7,0.3,59863,1
10.498856510177369,10.903420659346926,2008,0,1,"Miamisburg City School District, Ohio",456,84.0,36273,0.48,0.52,0.08,0.17,0.75,0.9,0.1,0.72,0.28,54361,0
10.558309618774405,10.793126253412856,2013,1,1,"Miamisburg City School District, Ohio",424,85.4,38495,0.48,0.52,0.07,0.17,0.76,0.9,0.1,0.73,0.27,48684,1
10.81971828261021,10.604528495215174,2008,0,1,"Middletown City School District, Ohio",483,62.5,49996,0.47,0.53,0.07,0.17,0.76,0.83,0.17,0.87,0.13,40316,0
10.801899405522992,10.424956336400598,2013,1,1,"Middletown City School District, Ohio",499,68.3,49113,0.48,0.52,0.08,0.16,0.76,0.82,0.18,0.84,0.16,33689,1
10.073399089253401,11.058858175022847,2008,0,1,"Midview Local School District, Ohio",219,85.4,23703,0.58,0.42,0.03,0.15,0.81,0.86,0.14,0.86,0.14,63503,0
10.079371767366077,10.95920973739723,2013,1,1,"Midview Local School District, Ohio",217,87.1,23845,0.59,0.41,0.03,0.14,0.83,0.85,0.15,0.86,0.14,57480,1
10.600825937714541,11.115919477403699,2008,0,1,"Milford Exempted Village School District, Ohio",515,86.2,40167,0.47,0.53,0.07,0.21,0.72,0.95,0.05,0.66,0.34,67232,0
10.686384025239681,11.09419272986116,2013,1,1,"Milford Exempted Village School District, Ohio",513,94.0,43755,0.49,0.51,0.07,0.21,0.73,0.94,0.06,0.64,0.36,65787,1
10.177590342447465,10.717391121731856,2008,0,1,"Mount Healthy City School District, Ohio",261,55.6,26306,0.48,0.52,0.07,0.19,0.74,0.14,0.86,0.83,0.17,45133,0
10.03504199227643,10.518078420190298,2013,1,1,"Mount Healthy City School District, Ohio",259,59.1,22811,0.51,0.49,0.07,0.2,0.73,0.14,0.86,0.83,0.17,36977,1
10.289192032466138,10.623836390521218,2008,0,1,"Mount Vernon City School District, Ohio",297,77.1,29412,0.48,0.52,0.05,0.14,0.81,0.97,0.03,0.79,0.21,41102,0
10.337702073930279,10.643041105910228,2013,1,1,"Mount Vernon City School District, Ohio",313,86.6,30874,0.47,0.53,0.06,0.13,0.81,0.96,0.04,0.79,0.21,41899,1
10.28762687392954,10.75113535168762,2013,1,0,"Muscatine Community School District, Iowa",336,79.5,29366,0.48,0.52,0.07,0.19,0.73,0.91,0.09,0.82,0.18,46682,0
10.270211832327862,10.870566451242388,2008,0,0,"Muscatine Community School District, Iowa",372,80.9,28859,0.5,0.5,0.07,0.18,0.75,0.94,0.06,0.76,0.24,52604,0
9.923486239042818,11.491589462655233,2008,0,1,"New Albany-Plain Local School District, Ohio",338,91.4,20403,0.48,0.52,0.09,0.23,0.68,0.85,0.15,0.4,0.6,97888,0
10.044552992814731,11.552953544423302,2013,1,1,"New Albany-Plain Local School District, Ohio",383,93.5,23029,0.48,0.52,0.09,0.25,0.66,0.78,0.22,0.4,0.6,104083,1
10.000705003251488,10.632001876933364,2008,0,1,"New Philadelphia City School District, Ohio",175,80.6,22041,0.48,0.52,0.06,0.13,0.8,0.84,0.16,0.86,0.14,41439,0
10.014357861367552,10.542600844603587,2013,1,1,"New Philadelphia City School District, Ohio",227,81.1,22344,0.49,0.51,0.06,0.15,0.79,0.8,0.2,0.85,0.15,37895,1
10.77098712024035,10.580073347296848,2008,0,1,"Newark City School District, Ohio",523,74.6,47618,0.48,0.52,0.08,0.14,0.77,0.95,0.05,0.84,0.16,39342,0
10.779768459990587,10.464616480811362,2013,1,1,"Newark City School District, Ohio",490,79.8,48038,0.48,0.52,0.07,0.17,0.76,0.92,0.08,0.86,0.14,35052,1
9.973573160102816,10.746583741107225,2013,1,0,"Newton Community School District, Iowa",188,78.2,21451,0.52,0.48,0.05,0.15,0.8,0.95,0.05,0.81,0.19,46470,0
9.940494278165223,10.677592406675998,2008,0,0,"Newton Community School District, Iowa",206,78.2,20753,0.5,0.5,0.05,0.16,0.79,0.96,0.04,0.83,0.17,43372,0
10.360564237707871,11.22278704483174,2008,0,1,"Nordonia Hills City School District, Ohio",243,82.7,31588,0.49,0.51,0.06,0.16,0.78,0.89,0.11,0.63,0.37,74815,0
10.3871783338948,11.139380446738272,2013,1,1,"Nordonia Hills City School District, Ohio",241,89.6,32440,0.47,0.53,0.05,0.15,0.8,0.84,0.16,0.64,0.36,68828,1
10.350830097988764,10.957172207849103,2008,0,1,"North Canton City School District, Ohio",248,87.5,31282,0.46,0.54,0.06,0.2,0.74,0.9,0.1,0.61,0.39,57363,0
10.28946398406043,10.840717520423938,2013,1,1,"North Canton City School District, Ohio",211,93.4,29420,0.47,0.53,0.06,0.16,0.79,0.89,0.11,0.61,0.39,51057,1
10.407892608499196,11.024823036089236,2008,0,1,"North Olmsted City School District, Ohio",337,86.7,33119,0.49,0.51,0.06,0.16,0.78,0.94,0.06,0.7,0.3,61378,0
10.382234100838373,10.958269854987387,2013,1,1,"North Olmsted City School District, Ohio",285,87.4,32280,0.49,0.51,0.05,0.16,0.79,0.93,0.07,0.7,0.3,57426,1
10.208395405652977,11.067528590970692,2008,0,1,"North Ridgeville City School District, Ohio",278,73.7,27129,0.48,0.52,0.06,0.16,0.77,0.95,0.05,0.77,0.23,64056,0
10.329702551562889,11.019923387227362,2013,1,1,"North Ridgeville City School District, Ohio",312,86.2,30628,0.5,0.5,0.08,0.15,0.77,0.95,0.05,0.7,0.3,61078,1
10.490190296875209,11.119127035729113,2008,0,1,"North Royalton City School District, Ohio",300,93.3,35960,0.49,0.51,0.06,0.16,0.78,0.94,0.06,0.65,0.35,67448,0
10.481055517243915,11.066419588412538,2013,1,1,"North Royalton City School District, Ohio",309,92.9,35633,0.48,0.52,0.04,0.16,0.8,0.92,0.08,0.65,0.35,63985,1
10.479032931015894,11.058590439512432,2008,0,1,"Northmont City School District, Ohio",276,77.5,35561,0.5,0.5,0.06,0.19,0.75,0.85,0.15,0.73,0.27,63486,0
10.4589518779205,10.903126292784842,2013,1,1,"Northmont City School District, Ohio",301,83.4,34854,0.47,0.53,0.05,0.17,0.78,0.83,0.17,0.73,0.27,54345,1
11.307891932828337,10.955549666384403,2008,0,1,"Northwest Local School District (Butler and Hamilton Counties), Ohio",583,71.9,81461,0.48,0.52,0.06,0.19,0.75,0.84,0.16,0.74,0.26,57270,0
11.258742641058852,10.927214644012448,2013,1,1,"Northwest Local School District (Butler and Hamilton Counties), Ohio",587,75.5,77554,0.48,0.52,0.06,0.18,0.76,0.8,0.2,0.75,0.25,55670,1
11.157421264015834,11.135727062570373,2008,0,1,"Oak Hills Local School District, Ohio",518,83.4,70081,0.48,0.52,0.06,0.2,0.75,0.98,0.02,0.74,0.26,68577,0
11.043417712757153,11.009968799582932,2013,1,1,"Oak Hills Local School District, Ohio",539,87.2,62530,0.47,0.53,0.06,0.17,0.77,0.95,0.05,0.71,0.29,60473,1
11.075458723336263,11.543425571618554,2008,0,1,"Olentangy Local School District, Ohio",1122,86.5,64566,0.51,0.49,0.09,0.21,0.7,0.87,0.13,0.38,0.62,103096,0
11.266231773195758,11.508987722227586,2013,1,1,"Olentangy Local School District, Ohio",1542,93.8,78137,0.5,0.5,0.08,0.25,0.67,0.85,0.15,0.39,0.61,99606,1
10.011130461551485,11.095241003723723,2008,0,1,"Olmsted Falls City School District, Ohio",273,86.5,22272,0.47,0.53,0.07,0.19,0.74,0.92,0.08,0.66,0.34,65856,0
10.07588502813239,11.080017215031907,2013,1,1,"Olmsted Falls City School District, Ohio",296,93.6,23762,0.49,0.51,0.06,0.19,0.76,0.91,0.09,0.64,0.36,64861,1
10.073525642163233,10.884141790233567,2008,0,1,"Oregon City School District, Ohio",286,78.7,23706,0.47,0.53,0.04,0.18,0.78,0.94,0.06,0.85,0.15,53323,0
10.05997834929556,10.817255103865845,2013,1,1,"Oregon City School District, Ohio",288,88.9,23387,0.48,0.52,0.05,0.17,0.78,0.92,0.08,0.82,0.18,49873,1
10.270315777029374,10.513714974009698,2013,1,0,"Ottumwa Community School District, Iowa",315,61.0,28862,0.49,0.51,0.07,0.16,0.77,0.92,0.08,0.84,0.16,36816,0
10.22419329143509,10.497173449369237,2008,0,0,"Ottumwa Community School District, Iowa",279,67.4,27561,0.49,0.51,0.06,0.16,0.77,0.92,0.08,0.85,0.15,36212,0
11.660595188697798,10.801125395911074,2008,0,1,"Parma City School District, Ohio",799,73.0,115912,0.48,0.52,0.06,0.15,0.79,0.94,0.06,0.8,0.2,49075,0
11.6344083145331,10.743523393891111,2013,1,1,"Parma City School District, Ohio",669,81.8,112916,0.48,0.52,0.06,0.14,0.8,0.92,0.08,0.79,0.21,46328,1
10.313276632124348,10.849977658141125,2008,0,1,"Perry Local School District (Stark County), Ohio",220,81.4,30129,0.49,0.51,0.07,0.14,0.8,0.88,0.12,0.83,0.17,51532,0
10.314570186094999,10.794768121406115,2013,1,1,"Perry Local School District (Stark County), Ohio",323,88.9,30168,0.47,0.53,0.04,0.16,0.8,0.88,0.12,0.84,0.16,48764,1
10.156073394450296,11.172531548605455,2008,0,1,"Perrysburg Exempted Village School District, Ohio",332,87.1,25746,0.47,0.53,0.07,0.21,0.72,0.94,0.06,0.5,0.5,71148,0
10.23311498829311,11.190872765326805,2013,1,1,"Perrysburg Exempted Village School District, Ohio",384,95.8,27808,0.5,0.5,0.05,0.2,0.74,0.91,0.09,0.52,0.48,72465,1
10.698581930003753,11.276278653618272,2008,0,1,"Pickerington Local School District, Ohio",734,85.2,44292,0.5,0.5,0.07,0.22,0.71,0.79,0.21,0.61,0.39,78926,0
10.80699695004555,11.24935046786168,2013,1,1,"Pickerington Local School District, Ohio",713,89.2,49364,0.5,0.5,0.06,0.23,0.72,0.77,0.23,0.6,0.4,76829,1
10.092784723066508,10.731231183345313,2008,0,1,"Piqua City School District, Ohio",257,76.3,24167,0.48,0.52,0.06,0.18,0.76,0.85,0.15,0.86,0.14,45762,0
10.074116010739036,10.42370889794248,2013,1,1,"Piqua City School District, Ohio",277,87.0,23720,0.48,0.52,0.09,0.16,0.75,0.83,0.17,0.89,0.11,33647,1
10.761195326977985,10.808191415158364,2008,0,1,"Plain Local School District, Ohio",447,79.6,47154,0.48,0.52,0.06,0.13,0.81,0.88,0.12,0.74,0.26,49423,0
10.79294137445669,10.710900479224417,2013,1,1,"Plain Local School District, Ohio",408,83.1,48675,0.49,0.51,0.06,0.15,0.79,0.87,0.13,0.73,0.27,44841,1
9.948843254256925,11.214020652495966,2013,1,0,"Pleasant Valley Community School District, Iowa",279,91.4,20927,0.49,0.51,0.06,0.18,0.77,0.9,0.1,0.47,0.53,74162,0
9.911257289800488,11.292116685952738,2008,0,0,"Pleasant Valley Community School District, Iowa",235,80.9,20155,0.49,0.51,0.07,0.22,0.7,0.93,0.07,0.52,0.48,80186,0
9.885476319734277,10.01144469404122,2008,0,1,"Portsmouth City School District, Ohio",189,68.3,19642,0.44,0.56,0.06,0.15,0.79,0.9,0.1,0.84,0.16,22279,0
9.984514391178502,10.22795950143476,2013,1,1,"Portsmouth City School District, Ohio",162,77.2,21687,0.47,0.53,0.04,0.15,0.81,0.9,0.1,0.84,0.16,27665,1
10.716903565487018,10.906029372453505,2008,0,1,"Princeton City School District, Ohio",370,71.1,45111,0.51,0.49,0.07,0.17,0.77,0.64,0.36,0.66,0.34,54503,0
10.68384400716945,10.77191069453828,2013,1,1,"Princeton City School District, Ohio",418,74.4,43644,0.48,0.52,0.07,0.17,0.76,0.63,0.37,0.66,0.34,47662,1
9.973899416776494,10.649440632919003,2008,0,1,"Ravenna City School District, Ohio",219,72.2,21458,0.5,0.5,0.06,0.15,0.79,0.75,0.25,0.86,0.14,42168,0
9.940205135471292,10.49543222758691,2013,1,1,"Ravenna City School District, Ohio",184,81.0,20747,0.47,0.53,0.05,0.16,0.79,0.73,0.27,0.86,0.14,36149,1
10.497201063380588,10.913487182847634,2008,0,1,"Reynoldsburg City School District, Ohio",462,79.9,36213,0.48,0.52,0.07,0.22,0.71,0.72,0.28,0.73,0.27,54911,0
10.551558912204982,10.911043932475511,2013,1,1,"Reynoldsburg City School District, Ohio",433,87.3,38236,0.48,0.52,0.06,0.18,0.76,0.7,0.3,0.69,0.31,54777,1
9.963923921339958,11.070645946239251,2008,0,1,"Rocky River City School District, Ohio",105,88.6,21245,0.47,0.53,0.06,0.17,0.76,0.9,0.1,0.5,0.5,64256,0
9.933871257170567,11.046371877480341,2013,1,1,"Rocky River City School District, Ohio",123,93.5,20616,0.46,0.54,0.05,0.18,0.78,0.9,0.1,0.44,0.56,62715,1
10.155801481150117,10.465215394229238,2008,0,1,"Sandusky City School District, Ohio",258,74.8,25739,0.46,0.54,0.08,0.14,0.78,0.73,0.27,0.87,0.13,35073,0
10.144628180551992,10.436172510655013,2013,1,1,"Sandusky City School District, Ohio",264,70.8,25453,0.49,0.51,0.06,0.15,0.79,0.71,0.29,0.84,0.16,34069,1
10.36775601712027,11.102141235384464,2008,0,1,"Shaker Heights City School District, Ohio",290,73.1,31816,0.45,0.55,0.05,0.22,0.73,0.51,0.49,0.38,0.62,66312,0
10.367284459872343,11.025441948777157,2013,1,1,"Shaker Heights City School District, Ohio",304,86.2,31801,0.45,0.55,0.06,0.2,0.74,0.52,0.48,0.37,0.63,61416,1
10.097614154779846,10.70737077469074,2008,0,1,"Sidney City School District, Ohio",233,76.0,24284,0.49,0.51,0.06,0.18,0.76,0.92,0.08,0.87,0.13,44683,0
10.141716741268379,10.645520130825885,2013,1,1,"Sidney City School District, Ohio",276,77.9,25379,0.49,0.51,0.07,0.18,0.75,0.92,0.08,0.87,0.13,42003,1
11.332542028806532,10.582307587950027,2013,1,0,"Sioux City Community School District, Iowa",987,68.1,83494,0.49,0.51,0.08,0.18,0.74,0.82,0.18,0.81,0.19,39430,0
11.325957128599292,10.676323531997442,2008,0,0,"Sioux City Community School District, Iowa",982,64.5,82946,0.49,0.51,0.08,0.19,0.73,0.85,0.15,0.8,0.2,43317,0
10.102666226396506,11.52746919041107,2008,0,1,"Solon City School District, Ohio",357,92.7,24407,0.48,0.52,0.05,0.23,0.73,0.74,0.26,0.39,0.61,101464,0
10.06317999126972,11.42448761650831,2013,1,1,"Solon City School District, Ohio",324,96.6,23462,0.48,0.52,0.05,0.22,0.74,0.74,0.26,0.41,0.59,91535,1
10.495930028974442,11.000715550182045,2008,0,1,"South Euclid-Lyndhurst City School District, Ohio",263,77.6,36167,0.46,0.54,0.07,0.15,0.77,0.74,0.26,0.6,0.4,59916,0
10.463017622512156,10.99215051035057,2013,1,1,"South Euclid-Lyndhurst City School District, Ohio",266,83.5,34996,0.49,0.51,0.06,0.14,0.81,0.7,0.3,0.56,0.44,59405,1
10.439512977323862,11.144004414042678,2013,1,0,"Southeast Polk Community School District, Iowa",402,78.4,34183,0.5,0.5,0.06,0.19,0.75,0.95,0.05,0.7,0.3,69147,0
10.388349005624308,11.18038548687662,2008,0,0,"Southeast Polk Community School District, Iowa",394,77.4,32478,0.48,0.52,0.07,0.19,0.74,0.95,0.05,0.75,0.25,71709,0
10.02424394117191,11.177396783061228,2008,0,1,"Southwest Licking Local School District, Ohio",303,79.5,22566,0.49,0.51,0.08,0.17,0.75,0.96,0.04,0.74,0.26,71495,0
10.061687167209673,11.122797144772276,2013,1,1,"Southwest Licking Local School District, Ohio",298,81.9,23427,0.5,0.5,0.07,0.17,0.77,0.96,0.04,0.73,0.27,67696,1
10.1285891855565,10.941942818379685,2008,0,1,"Southwest Local School District, Ohio",272,80.5,25048,0.49,0.51,0.08,0.2,0.72,0.92,0.08,0.84,0.16,56496,0
10.005096038124226,10.898866690729246,2013,1,1,"Southwest Local School District, Ohio",279,85.3,22138,0.49,0.51,0.07,0.17,0.76,0.9,0.1,0.79,0.21,54114,1
11.798931133041064,10.86830174635117,2008,0,1,"South-Western City School District, Ohio",1543,64.7,133109,0.49,0.51,0.09,0.2,0.7,0.87,0.13,0.81,0.19,52485,0
11.823654894883077,10.761386168696564,2013,1,1,"South-Western City School District, Ohio",1468,71.7,136441,0.48,0.52,0.08,0.17,0.75,0.86,0.14,0.8,0.2,47163,1
10.216654606497926,11.447330385871819,2008,0,1,"Springboro Community City School District, Ohio",408,93.4,27354,0.49,0.51,0.07,0.22,0.71,0.93,0.07,0.53,0.47,93650,0
10.344545004347415,11.477370823556365,2013,1,1,"Springboro Community City School District, Ohio",441,95.0,31086,0.5,0.5,0.07,0.24,0.69,0.93,0.07,0.5,0.5,96506,1
10.975636077718386,10.432614677472031,2008,0,1,"Springfield City School District, Ohio",628,48.3,58432,0.48,0.52,0.07,0.17,0.76,0.77,0.23,0.85,0.15,33948,0
10.947450042861481,10.231063188649586,2013,1,1,"Springfield City School District, Ohio",552,68.5,56808,0.48,0.52,0.08,0.17,0.75,0.74,0.26,0.85,0.15,27751,1
10.336113768706666,10.952541882355893,2008,0,1,"Springfield Local School District (Lucas County), Ohio",297,79.1,30825,0.49,0.51,0.07,0.17,0.77,0.84,0.16,0.7,0.3,57098,0
10.321967597721788,10.774571691572204,2013,1,1,"Springfield Local School District (Lucas County), Ohio",323,85.1,30392,0.51,0.49,0.07,0.16,0.77,0.78,0.22,0.66,0.34,47789,1
10.606684068949075,11.131547908391124,2008,0,1,"Stow-Munroe Falls City School District, Ohio",424,83.3,40403,0.49,0.51,0.06,0.18,0.75,0.95,0.05,0.57,0.43,68291,0
10.591672441266258,10.994286059636607,2013,1,1,"Stow-Munroe Falls City School District, Ohio",375,91.5,39801,0.47,0.53,0.06,0.16,0.78,0.94,0.06,0.6,0.4,59532,1
10.773650572766497,11.291929605713477,2008,0,1,"Strongsville City School District, Ohio",507,88.0,47745,0.49,0.51,0.05,0.19,0.76,0.92,0.08,0.6,0.4,80171,0
10.709070162425862,11.187403059535267,2013,1,1,"Strongsville City School District, Ohio",453,89.2,44759,0.49,0.51,0.05,0.18,0.78,0.91,0.09,0.57,0.43,72214,1
10.508786642522878,11.380228010237108,2008,0,1,"Sycamore Community City School District, Ohio",364,94.2,36635,0.48,0.52,0.05,0.2,0.75,0.83,0.17,0.43,0.57,87572,0
10.440565547446184,11.228836928028578,2013,1,1,"Sycamore Community City School District, Ohio",387,94.8,34219,0.5,0.5,0.06,0.19,0.75,0.81,0.19,0.37,0.63,75269,1
10.848715534304882,11.186752013336475,2008,0,1,"Sylvania City School District, Ohio",500,85.4,51467,0.48,0.52,0.06,0.21,0.73,0.91,0.09,0.57,0.43,72167,0
10.857112604056972,11.079307765442472,2013,1,1,"Sylvania City School District, Ohio",565,91.2,51901,0.46,0.54,0.05,0.18,0.78,0.9,0.1,0.59,0.41,64815,1
10.458664933872619,10.560411522938548,2008,0,1,"Talawanda City School District, Ohio",216,84.7,34844,0.49,0.51,0.04,0.1,0.86,0.92,0.08,0.68,0.32,38576,0
10.490801883683998,10.765364336370562,2013,1,1,"Talawanda City School District, Ohio",212,92.0,35982,0.52,0.48,0.02,0.09,0.89,0.93,0.07,0.64,0.36,47351,1
10.000296608464188,11.055514217838875,2008,0,1,"Teays Valley Local School District, Ohio",276,72.8,22032,0.58,0.42,0.06,0.16,0.78,0.89,0.11,0.88,0.12,63291,0
10.045334276764365,10.989942910933607,2013,1,1,"Teays Valley Local School District, Ohio",284,90.9,23047,0.57,0.43,0.06,0.18,0.76,0.89,0.11,0.81,0.19,59274,1
10.010187171195184,10.60475170119802,2008,0,1,"Tiffin City School District, Ohio",149,84.6,22251,0.48,0.52,0.06,0.15,0.79,0.96,0.04,0.8,0.2,40325,0
10.007081508746234,10.446567371831451,2013,1,1,"Tiffin City School District, Ohio",172,80.8,22182,0.48,0.52,0.05,0.16,0.8,0.95,0.05,0.84,0.16,34425,1
12.34362344948737,10.438576428437798,2008,0,1,"Toledo City School District, Ohio",2043,58.5,229491,0.48,0.52,0.07,0.17,0.75,0.63,0.37,0.83,0.17,34151,0
12.329519610810996,10.253369476067258,2013,1,1,"Toledo City School District, Ohio",1797,67.2,226277,0.49,0.51,0.07,0.16,0.77,0.59,0.41,0.84,0.16,28377,1
9.943765399034698,10.525085024255997,2008,0,1,"Trotwood-Madison City School District, Ohio",193,51.3,20821,0.45,0.55,0.1,0.17,0.74,0.26,0.74,0.79,0.21,37237,0
9.94097599694712,10.398336221778978,2013,1,1,"Trotwood-Madison City School District, Ohio",141,67.4,20763,0.42,0.58,0.05,0.16,0.79,0.26,0.74,0.86,0.14,32804,1
10.304978105888882,10.846147539430351,2008,0,1,"Troy City School District, Ohio",330,87.9,29880,0.5,0.5,0.06,0.17,0.77,0.93,0.07,0.75,0.25,51335,0
10.327185428905352,10.830619307588158,2013,1,1,"Troy City School District, Ohio",362,86.2,30551,0.5,0.5,0.04,0.19,0.77,0.91,0.09,0.76,0.24,50544,1
10.114356072974726,11.159801352219231,2008,0,1,"Twinsburg City School District, Ohio",222,75.7,24694,0.49,0.51,0.07,0.21,0.72,0.77,0.23,0.6,0.4,70248,0
10.124428680295138,11.075396770265694,2013,1,1,"Twinsburg City School District, Ohio",216,90.7,24944,0.47,0.53,0.06,0.2,0.74,0.75,0.25,0.58,0.42,64562,1
10.456999032752055,11.43155270650449,2008,0,1,"Upper Arlington City School District, Ohio",23,60.9,34786,0.47,0.53,0.05,0.21,0.73,0.93,0.07,0.3,0.7,92184,0
10.456538985013989,11.363787201966506,2013,1,1,"Upper Arlington City School District, Ohio",449,93.3,34770,0.48,0.52,0.07,0.2,0.74,0.92,0.08,0.26,0.74,86144,1
9.889743534743868,11.048490302992848,2013,1,0,"Urbandale Community School District, Iowa",263,82.5,19726,0.49,0.51,0.05,0.18,0.77,0.92,0.08,0.58,0.42,62848,0
9.97980023538529,11.17848715851,2008,0,0,"Urbandale Community School District, Iowa",248,79.0,21585,0.51,0.49,0.08,0.21,0.71,0.92,0.08,0.54,0.46,71573,0
10.131339999578072,10.841422352468154,2008,0,1,"Vandalia-Butler City School District, Ohio",272,85.3,25117,0.5,0.5,0.06,0.17,0.77,0.93,0.07,0.75,0.25,51093,0
10.071498871212288,10.903990748093918,2013,1,1,"Vandalia-Butler City School District, Ohio",225,88.9,23658,0.48,0.52,0.05,0.17,0.78,0.8,0.2,0.74,0.26,54392,1
10.176259012252155,11.0621595976319,2008,0,1,"Wadsworth City School District, Ohio",278,81.3,26271,0.49,0.51,0.05,0.19,0.75,0.79,0.21,0.69,0.31,63713,0
10.220267155811605,10.893511900787338,2013,1,1,"Wadsworth City School District, Ohio",293,90.4,27453,0.5,0.5,0.07,0.2,0.73,0.96,0.04,0.69,0.31,53825,1
10.593128593766785,10.315564090231947,2008,0,1,"Warren City School District, Ohio",430,50.5,39859,0.48,0.52,0.08,0.18,0.74,0.68,0.32,0.9,0.1,30198,0
10.535450579771076,10.14753116795808,2013,1,1,"Warren City School District, Ohio",385,54.8,37625,0.46,0.54,0.07,0.18,0.75,0.67,0.33,0.9,0.1,25527,1
10.836104287009055,10.667815210028436,2008,0,1,"Washington Local School District, Ohio",353,72.8,50822,0.48,0.52,0.08,0.17,0.75,0.88,0.12,0.85,0.15,42950,0
10.826018771999738,10.506463824584774,2013,1,1,"Washington Local School District, Ohio",482,81.7,50312,0.49,0.51,0.06,0.18,0.76,0.86,0.14,0.85,0.15,36550,1
11.257646043625948,10.574082328625561,2013,1,0,"Waterloo Community School District, Iowa",750,56.5,77469,0.49,0.51,0.07,0.16,0.77,0.81,0.19,0.82,0.18,39107,0
11.234995683961126,10.63050461760369,2008,0,0,"Waterloo Community School District, Iowa",684,64.9,75734,0.47,0.53,0.07,0.17,0.76,0.83,0.17,0.82,0.18,41377,0
10.64134515786313,11.288168112178617,2013,1,0,"Waukee Community School District, Iowa",569,86.8,41828,0.49,0.51,0.1,0.21,0.69,0.91,0.09,0.44,0.56,79870,0
10.272876332061601,11.346209504954661,2008,0,0,"Waukee Community School District, Iowa",450,85.1,28936,0.48,0.52,0.1,0.2,0.71,0.94,0.06,0.47,0.53,84643,0
10.213725810701272,10.695574680950976,2008,0,1,"West Carrollton City School District, Ohio",296,72.6,27274,0.49,0.51,0.06,0.15,0.79,0.88,0.12,0.82,0.18,44159,0
10.260112495224819,10.556541639529629,2013,1,1,"West Carrollton City School District, Ohio",281,78.3,28569,0.47,0.53,0.08,0.15,0.77,0.83,0.17,0.83,0.17,38427,1
11.090064929932883,10.918700116159062,2008,0,1,"West Clermont Local School District, Ohio",678,78.2,65516,0.49,0.51,0.08,0.18,0.75,0.96,0.04,0.76,0.24,55198,0
11.138464715724755,10.856515146126256,2013,1,1,"West Clermont Local School District, Ohio",660,80.0,68765,0.5,0.5,0.07,0.15,0.77,0.95,0.05,0.77,0.23,51870,1
11.118919449950958,11.073443281272374,2013,1,0,"West Des Moines Community School District, Iowa",585,84.1,67434,0.49,0.51,0.06,0.18,0.76,0.87,0.13,0.48,0.52,64436,0
11.065262416161877,11.07229421282296,2008,0,0,"West Des Moines Community School District, Iowa",571,78.8,63911,0.49,0.51,0.07,0.18,0.75,0.9,0.1,0.51,0.49,64362,0
10.028400664234924,10.956178059290277,2013,1,0,"Western Dubuque Community School District, Iowa",166,79.5,22660,0.49,0.51,0.07,0.23,0.7,0.94,0.06,0.81,0.19,57306,0
9.981744050501895,10.941199139614623,2008,0,0,"Western Dubuque Community School District, Iowa",199,73.9,21627,0.5,0.5,0.07,0.2,0.73,0.92,0.08,0.79,0.21,56454,0
11.357849357066469,11.14537733590786,2008,0,1,"Westerville City School District, Ohio",1000,84.6,85634,0.48,0.52,0.07,0.2,0.74,0.81,0.19,0.54,0.46,69242,0
11.466441639156667,11.085000000931881,2013,1,1,"Westerville City School District, Ohio",1103,88.5,95457,0.48,0.52,0.06,0.18,0.76,0.79,0.21,0.5,0.5,65185,1
10.353192806623015,11.163694176730043,2008,0,1,"Westlake City School District, Ohio",260,92.3,31356,0.48,0.52,0.04,0.17,0.79,0.89,0.11,0.53,0.47,70522,0
10.389026137075234,11.188966608417202,2013,1,1,"Westlake City School District, Ohio",287,92.3,32500,0.46,0.54,0.05,0.17,0.77,0.9,0.1,0.45,0.55,72327,1
11.112209063884269,10.888669817429331,2008,0,1,"Willoughby-Eastlake City School District, Ohio",573,84.8,66983,0.48,0.52,0.04,0.16,0.8,0.94,0.06,0.77,0.23,53565,0
11.084831238801703,10.733915338630107,2013,1,1,"Willoughby-Eastlake City School District, Ohio",544,87.1,65174,0.49,0.51,0.05,0.15,0.81,0.91,0.09,0.75,0.25,45885,1
9.958212452225375,10.765364336370562,2008,0,1,"Wilmington City School District, Ohio",263,71.9,21124,0.48,0.52,0.08,0.16,0.77,0.92,0.08,0.84,0.16,47351,0
9.901285128980929,10.568183816922058,2013,1,1,"Wilmington City School District, Ohio",251,76.1,19955,0.47,0.53,0.06,0.17,0.77,0.92,0.08,0.84,0.16,38877,1
10.288988020224695,10.916687185578304,2008,0,1,"Winton Woods City School District, Ohio",286,72.7,29406,0.48,0.52,0.07,0.19,0.74,0.45,0.55,0.69,0.31,55087,0
10.178540208587767,10.756902380358612,2013,1,1,"Winton Woods City School District, Ohio",252,70.2,26331,0.47,0.53,0.07,0.18,0.76,0.43,0.57,0.7,0.3,46952,1
10.258255679654631,10.642850156893036,2008,0,1,"Wooster City School District, Ohio",265,78.9,28516,0.47,0.53,0.06,0.14,0.79,0.93,0.07,0.74,0.26,41891,0
10.283190309420853,10.593630224075774,2013,1,1,"Wooster City School District, Ohio",270,86.7,29236,0.48,0.52,0.07,0.14,0.79,0.93,0.07,0.72,0.28,39879,1
10.973648925030222,11.19532012386709,2008,0,1,"Worthington City School District, Ohio",647,87.5,58316,0.51,0.49,0.07,0.18,0.75,0.85,0.15,0.45,0.55,72788,0
11.063492795228852,11.112194134834576,2013,1,1,"Worthington City School District, Ohio",709,90.8,63798,0.47,0.53,0.08,0.18,0.74,0.82,0.18,0.44,0.56,66982,1
10.437404507525516,10.71274971165176,2008,0,1,"Xenia Community City School District, Ohio",390,70.3,34111,0.46,0.54,0.08,0.16,0.77,0.83,0.17,0.79,0.21,44924,0
10.532229536403737,10.657541667999595,2013,1,1,"Xenia Community City School District, Ohio",330,75.5,37504,0.47,0.53,0.06,0.16,0.77,0.83,0.17,0.78,0.22,42511,1
11.148203948308879,10.158168529848494,2008,0,1,"Youngstown City School District, Ohio",493,58.4,69438,0.49,0.51,0.05,0.17,0.78,0.49,0.51,0.89,0.11,25800,0
11.125761858031977,10.040986065721762,2013,1,1,"Youngstown City School District, Ohio",417,55.9,67897,0.49,0.51,0.07,0.15,0.78,0.5,0.5,0.89,0.11,22947,1
10.193691442531419,10.345766633767008,2008,0,1,"Zanesville City School District, Ohio",300,59.3,26733,0.47,0.53,0.07,0.16,0.77,0.87,0.13,0.87,0.13,31124,0
10.206550727026212,10.188140040427545,2013,1,1,"Zanesville City School District, Ohio",252,73.8,27079,0.49,0.51,0.08,0.17,0.75,0.86,0.14,0.88,0.12,26585,1
